{
    "display": {
        "title": {
            "text": "Creeper, aw man.",
            "color": "green",
            "bold": false,
            "italic": false,
            "underlined": false,
            "strikethrough": false,
            "obfuscated": false
        },
        "description": {
            "text": "Kill a creeper.",
            "color": "white"
        },
        "icon": {
            "item": "minecraft:creeper_head"
        },
        "frame": "challenge",
        "show_toast": true,
        "announce_to_chat": true,
        "hidden": false,
        "background": "minecraft:textures/gui/advancements/backgrounds/stone.png"
    },
    "criteria": {
        "kill_creeper": {
            "trigger": "minecraft:player_killed_entity",
            "conditions": {
                "entity": {
                    "type": "minecraft:creeper"
                }
            }
        }
    }
}