{
    "type": "minecraft:crafting_shaped",
    "pattern": [
        "#BI",
        "g g",
        "g g"
    ],
    "key": {
        "#": {
            "tag": "codercraft:bell_planks1"
        },
        "B": {
            "tag": "codercraft:bell_planks2"
        },
        "I": {
            "tag": "codercraft:bell_planks3"
        },
        "g": {
            "item": "minecraft:gold_ingot"
        }
    },
    "result": {
        "item": "minecraft:bell",
        "count": 1
    },
    "group": "codercraft"
}