{
    "type": "minecraft:crafting_shaped",
    "pattern": [
        " # ",
        "C J",
        " X "
    ],
    "key": {
        "#": {
            "tag": "codercraft:chest_log4"
        },
        "C": {
            "tag": "codercraft:chest_log2"
        },
        "J": {
            "tag": "codercraft:chest_log3"
        },
        "X": {
            "tag": "codercraft:chest_log"
        }
    },
    "result": {
        "item": "minecraft:chest",
        "count": 2
    },
    "group": "codercraft"
}