{
    "type": "minecraft:crafting_shaped",
    "pattern": [
        "iSi",
        "CYJ",
        "iTi"
    ],
    "key": {
        "i": {
            "item": "minecraft:iron_ingot"
        },
        "S": {
            "tag": "codercraft:sheep_wool1"
        },
        "C": {
            "tag": "codercraft:sheep_wool4"
        },
        "Y": {
            "item": "minecraft:cow_spawn_egg"
        },
        "J": {
            "tag": "codercraft:sheep_wool2"
        },
        "T": {
            "tag": "codercraft:sheep_wool3"
        }
    },
    "result": {
        "item": "minecraft:sheep_spawn_egg",
        "count": 1
    },
    "group": "codercraft"
}