{
    "type": "minecraft:crafting_shaped",
    "pattern": [
        "gAg",
        "RZL",
        "gWg"
    ],
    "key": {
        "g": {
            "item": "minecraft:gold_ingot"
        },
        "A": {
            "tag": "adventure:arrow_bone1"
        },
        "R": {
            "tag": "adventure:arrow_bone4"
        },
        "Z": {
            "item": "minecraft:zombie_spawn_egg"
        },
        "L": {
            "tag": "adventure:arrow_bone2"
        },
        "W": {
            "tag": "adventure:arrow_bone3"
        }
    },
    "result": {
        "item": "minecraft:skeleton_spawn_egg",
        "count": 1
    },
    "group": "codercraft"
}